# Universal Data Stream pro Robota | Vytvoreno: G-Code Parser v1.0
# TYPE;X;Y;Z;A;B;C;TCP_SPEED;E_RATIO;TEMP;FAN_PCT;LAYER;FEATURE;PROGRESS
T;179.000;-2.000;0.000;0.000;0.000;0.000;40.000;0.000;230;0;0;0;0
T;179.000;-2.000;3.000;0.000;0.000;0.000;12.000;0.000;230;0;0;0;0
T;170.000;-2.000;3.000;0.000;0.000;0.000;16.667;0.000;230;0;0;0;0
T;170.000;-2.000;0.200;0.000;0.000;0.000;12.000;0.000;230;0;0;0;0
P;110.000;-2.000;0.200;0.000;0.000;0.000;15.000;0.133;230;0;0;0;0
P;40.000;-2.000;0.200;0.000;0.000;0.000;11.667;0.029;230;0;0;0;0
R;40.000;-2.000;0.200;0.000;0.000;0.000;40.000;0.000;230;0;1;0;0
T;40.000;-2.000;0.400;0.000;0.000;0.000;150.000;0.000;230;0;1;0;0
T;51.015;67.573;0.400;0.000;0.000;0.000;150.000;0.000;230;0;1;0;0
T;51.015;67.573;0.200;0.000;0.000;0.000;150.000;0.000;230;0;1;0;0
U;51.015;67.573;0.200;0.000;0.000;0.000;25.000;0.000;230;0;1;0;0
T;51.743;66.581;0.200;0.000;0.000;0.000;20.000;0.000;230;0;1;5;0
T;52.672;65.811;0.200;0.000;0.000;0.000;20.000;0.000;230;0;1;5;0
P;87.665;45.606;0.200;0.000;0.000;0.000;20.000;0.030;230;0;1;5;0
T;88.818;45.166;0.200;0.000;0.000;0.000;20.000;0.000;230;0;1;5;0
T;90.006;45.023;0.200;0.000;0.000;0.000;20.000;0.000;230;0;1;5;0
P;91.238;45.180;0.200;0.000;0.000;0.000;20.000;0.001;230;0;1;5;0
T;91.907;45.403;0.200;0.000;0.000;0.000;20.000;0.000;230;0;1;5;0
P;92.547;45.725;0.200;0.000;0.000;0.000;20.000;0.000;230;0;1;5;0
P;127.275;65.779;0.200;0.000;0.000;0.000;20.000;0.031;230;0;1;5;0
T;128.226;66.548;0.200;0.000;0.000;0.000;20.000;0.000;230;0;1;5;0
T;128.921;67.461;0.200;0.000;0.000;0.000;20.000;0.000;230;0;1;5;0
P;129.415;68.592;0.200;0.000;0.000;0.000;20.000;0.002;230;0;1;5;0
P;129.614;69.825;0.200;0.000;0.000;0.000;20.000;0.000;230;0;1;5;0
P;129.617;109.932;0.200;0.000;0.000;0.000;20.000;0.030;230;0;1;5;0
T;129.488;111.125;0.200;0.000;0.000;0.000;20.000;0.000;230;0;1;5;0
P;128.985;112.427;0.200;0.000;0.000;0.000;20.000;0.004;230;0;1;5;0
T;128.257;113.419;0.200;0.000;0.000;0.000;20.000;0.000;230;0;1;5;0
T;127.328;114.189;0.200;0.000;0.000;0.000;20.000;0.000;230;0;1;5;0
P;92.335;134.394;0.200;0.000;0.000;0.000;20.000;0.030;230;0;1;5;0
T;91.182;134.834;0.200;0.000;0.000;0.000;20.000;0.000;230;0;1;5;0
T;89.998;134.977;0.200;0.000;0.000;0.000;20.000;0.000;230;0;1;5;0
P;88.762;134.820;0.200;0.000;0.000;0.000;20.000;0.001;230;0;1;5;0
T;88.093;134.597;0.200;0.000;0.000;0.000;20.000;0.000;230;0;1;5;0
P;87.453;134.275;0.200;0.000;0.000;0.000;20.000;0.000;230;0;1;5;0
P;52.725;114.221;0.200;0.000;0.000;0.000;20.000;0.031;230;0;1;5;0
T;51.774;113.452;0.200;0.000;0.000;0.000;20.000;0.000;230;0;1;5;0
T;51.079;112.539;0.200;0.000;0.000;0.000;20.000;0.000;230;0;1;5;0
P;50.585;111.408;0.200;0.000;0.000;0.000;20.000;0.002;230;0;1;5;0
P;50.386;110.175;0.200;0.000;0.000;0.000;20.000;0.000;230;0;1;5;0
P;50.383;70.068;0.200;0.000;0.000;0.000;20.000;0.030;230;0;1;5;0
T;50.512;68.875;0.200;0.000;0.000;0.000;20.000;0.000;230;0;1;5;0
P;50.993;67.629;0.200;0.000;0.000;0.000;20.000;0.003;230;0;1;5;0
R;50.993;67.629;0.200;0.000;0.000;0.000;40.000;0.000;230;0;1;5;0
P;51.743;66.581;0.200;0.000;0.000;0.000;120.000;1.421;230;0;1;5;0
P;52.672;65.811;0.200;0.000;0.000;0.000;120.000;0.021;230;0;1;5;0
P;53.005;65.619;0.200;0.000;0.000;0.000;120.000;0.678;230;0;1;5;0
U;53.005;65.619;0.200;0.000;0.000;0.000;40.000;0.000;230;0;1;5;0
T;53.005;65.619;0.400;0.000;0.000;0.000;150.000;0.000;230;0;1;5;0
T;91.036;83.945;0.400;0.000;0.000;0.000;150.000;0.000;230;0;1;5;0
T;91.036;83.945;0.200;0.000;0.000;0.000;150.000;0.000;230;0;1;5;0
U;91.036;83.945;0.200;0.000;0.000;0.000;25.000;0.000;230;0;1;5;0
T;91.338;83.945;0.200;0.000;0.000;0.000;20.000;0.000;230;0;1;1;0
P;91.467;84.222;0.200;0.000;0.000;0.000;20.000;0.000;230;0;1;1;0
P;91.720;84.622;0.200;0.000;0.000;0.000;20.000;0.011;230;0;1;1;0
P;92.047;84.991;0.200;0.000;0.000;0.000;20.000;0.001;230;0;1;1;0
T;92.414;85.290;0.200;0.000;0.000;0.000;20.000;0.000;230;0;1;1;0
T;92.639;85.432;0.200;0.000;0.000;0.000;20.000;0.000;230;0;1;1;0
T;92.874;85.556;0.200;0.000;0.000;0.000;20.000;0.000;230;0;1;1;0
P;93.317;85.724;0.200;0.000;0.000;0.000;20.000;0.014;230;0;1;1;0
T;93.781;85.819;0.200;0.000;0.000;0.000;20.000;0.000;230;0;1;1;0
T;94.065;85.842;0.200;0.000;0.000;0.000;20.000;0.000;230;0;1;1;0
P;94.576;85.815;0.200;0.000;0.000;0.000;20.000;0.014;230;0;1;1;0
T;94.727;86.075;0.200;0.000;0.000;0.000;20.000;0.000;230;0;1;1;0
P;124.181;69.077;0.200;0.000;0.000;0.000;20.000;0.031;230;0;1;1;0
T;124.432;68.991;0.200;0.000;0.000;0.000;20.000;0.000;230;0;1;1;0
T;124.590;68.969;0.200;0.000;0.000;0.000;20.000;0.000;230;0;1;1;0
T;124.731;68.973;0.200;0.000;0.000;0.000;20.000;0.000;230;0;1;1;0
P;124.990;69.031;0.200;0.000;0.000;0.000;20.000;0.015;230;0;1;1;0
P;125.255;69.172;0.200;0.000;0.000;0.000;20.000;0.004;230;0;1;1;0
T;125.445;69.356;0.200;0.000;0.000;0.000;20.000;0.000;230;0;1;1;0
T;125.534;69.484;0.200;0.000;0.000;0.000;20.000;0.000;230;0;1;1;0
T;125.601;69.626;0.200;0.000;0.000;0.000;20.000;0.000;230;0;1;1;0
P;125.665;69.883;0.200;0.000;0.000;0.000;20.000;0.013;230;0;1;1;0
T;125.673;70.024;0.200;0.000;0.000;0.000;20.000;0.000;230;0;1;1;0
P;125.655;70.183;0.200;0.000;0.000;0.000;20.000;0.004;230;0;1;1;0
P;125.576;70.435;0.200;0.000;0.000;0.000;20.000;0.012;230;0;1;1;0
P;125.410;70.685;0.200;0.000;0.000;0.000;20.000;0.004;230;0;1;1;0
T;125.210;70.859;0.200;0.000;0.000;0.000;20.000;0.000;230;0;1;1;0
P;95.761;87.870;0.200;0.000;0.000;0.000;20.000;0.031;230;0;1;1;0
T;95.913;88.132;0.200;0.000;0.000;0.000;20.000;0.000;230;0;1;1;0
P;95.634;88.561;0.200;0.000;0.000;0.000;20.000;0.013;230;0;1;1;0
T;95.511;88.819;0.200;0.000;0.000;0.000;20.000;0.000;230;0;1;1;0
P;95.362;89.268;0.200;0.000;0.000;0.000;20.000;0.012;230;0;1;1;0
T;95.286;89.735;0.200;0.000;0.000;0.000;20.000;0.000;230;0;1;1;0
T;95.275;90.001;0.200;0.000;0.000;0.000;20.000;0.000;230;0;1;1;0
T;95.286;90.267;0.200;0.000;0.000;0.000;20.000;0.000;230;0;1;1;0
P;95.362;90.734;0.200;0.000;0.000;0.000;20.000;0.014;230;0;1;1;0
T;95.511;91.184;0.200;0.000;0.000;0.000;20.000;0.000;230;0;1;1;0
T;95.634;91.442;0.200;0.000;0.000;0.000;20.000;0.000;230;0;1;1;0
P;95.913;91.871;0.200;0.000;0.000;0.000;20.000;0.014;230;0;1;1;0
T;95.762;92.131;0.200;0.000;0.000;0.000;20.000;0.000;230;0;1;1;0
P;125.139;109.092;0.200;0.000;0.000;0.000;20.000;0.031;230;0;1;1;0
T;125.337;109.239;0.200;0.000;0.000;0.000;20.000;0.000;230;0;1;1;0
P;125.503;109.440;0.200;0.000;0.000;0.000;20.000;0.002;230;0;1;1;0
P;125.619;109.674;0.200;0.000;0.000;0.000;20.000;0.000;230;0;1;1;0
P;125.673;109.973;0.200;0.000;0.000;0.000;20.000;0.004;230;0;1;1;0
T;125.663;110.150;0.200;0.000;0.000;0.000;20.000;0.000;230;0;1;1;0
P;125.605;110.369;0.200;0.000;0.000;0.000;20.000;0.007;230;0;1;1;0
T;125.543;110.499;0.200;0.000;0.000;0.000;20.000;0.000;230;0;1;1;0
P;125.387;110.708;0.200;0.000;0.000;0.000;20.000;0.014;230;0;1;1;0
T;125.201;110.862;0.200;0.000;0.000;0.000;20.000;0.000;230;0;1;1;0
P;124.984;110.969;0.200;0.000;0.000;0.000;20.000;0.000;230;0;1;1;0
P;124.730;111.027;0.200;0.000;0.000;0.000;20.000;0.002;230;0;1;1;0
T;124.587;111.031;0.200;0.000;0.000;0.000;20.000;0.000;230;0;1;1;0
T;124.445;111.012;0.200;0.000;0.000;0.000;20.000;0.000;230;0;1;1;0
P;124.180;110.922;0.200;0.000;0.000;0.000;20.000;0.015;230;0;1;1;0
P;94.725;93.924;0.200;0.000;0.000;0.000;20.000;0.031;230;0;1;1;0
T;94.574;94.186;0.200;0.000;0.000;0.000;20.000;0.000;230;0;1;1;0
P;94.271;94.160;0.200;0.000;0.000;0.000;20.000;0.000;230;0;1;1;0
P;93.798;94.179;0.200;0.000;0.000;0.000;20.000;0.011;230;0;1;1;0
P;93.316;94.277;0.200;0.000;0.000;0.000;20.000;0.001;230;0;1;1;0
T;92.893;94.436;0.200;0.000;0.000;0.000;20.000;0.000;230;0;1;1;0
T;92.622;94.576;0.200;0.000;0.000;0.000;20.000;0.000;230;0;1;1;0
P;92.245;94.836;0.200;0.000;0.000;0.000;20.000;0.010;230;0;1;1;0
T;92.032;95.025;0.200;0.000;0.000;0.000;20.000;0.000;230;0;1;1;0
P;91.718;95.380;0.200;0.000;0.000;0.000;20.000;0.012;230;0;1;1;0
T;91.465;95.780;0.200;0.000;0.000;0.000;20.000;0.000;230;0;1;1;0
T;91.336;96.056;0.200;0.000;0.000;0.000;20.000;0.000;230;0;1;1;0
T;91.036;96.056;0.200;0.000;0.000;0.000;20.000;0.000;230;0;1;1;0
P;91.029;130.063;0.200;0.000;0.000;0.000;20.000;0.031;230;0;1;1;0
T;90.978;130.324;0.200;0.000;0.000;0.000;20.000;0.000;230;0;1;1;1
T;90.918;130.471;0.200;0.000;0.000;0.000;20.000;0.000;230;0;1;1;1
T;90.844;130.592;0.200;0.000;0.000;0.000;20.000;0.000;230;0;1;1;1
P;90.665;130.787;0.200;0.000;0.000;0.000;20.000;0.015;230;0;1;1;1
P;90.411;130.946;0.200;0.000;0.000;0.000;20.000;0.004;230;0;1;1;1
T;90.156;131.018;0.200;0.000;0.000;0.000;20.000;0.000;230;0;1;1;1
T;90.000;131.032;0.200;0.000;0.000;0.000;20.000;0.000;230;0;1;1;1
T;89.844;131.018;0.200;0.000;0.000;0.000;20.000;0.000;230;0;1;1;1
P;89.589;130.946;0.200;0.000;0.000;0.000;20.000;0.013;230;0;1;1;1
P;89.335;130.787;0.200;0.000;0.000;0.000;20.000;0.004;230;0;1;1;1
T;89.156;130.592;0.200;0.000;0.000;0.000;20.000;0.000;230;0;1;1;1
T;89.082;130.471;0.200;0.000;0.000;0.000;20.000;0.000;230;0;1;1;1
P;89.022;130.324;0.200;0.000;0.000;0.000;20.000;0.004;230;0;1;1;1
P;88.971;130.063;0.200;0.000;0.000;0.000;20.000;0.012;230;0;1;1;1
P;88.964;96.055;0.200;0.000;0.000;0.000;20.000;0.031;230;0;1;1;1
T;88.662;96.055;0.200;0.000;0.000;0.000;20.000;0.000;230;0;1;1;1
P;88.533;95.778;0.200;0.000;0.000;0.000;20.000;0.000;230;0;1;1;1
P;88.280;95.378;0.200;0.000;0.000;0.000;20.000;0.011;230;0;1;1;1
P;87.953;95.009;0.200;0.000;0.000;0.000;20.000;0.001;230;0;1;1;1
T;87.586;94.710;0.200;0.000;0.000;0.000;20.000;0.000;230;0;1;1;1
T;87.361;94.568;0.200;0.000;0.000;0.000;20.000;0.000;230;0;1;1;1
T;87.126;94.444;0.200;0.000;0.000;0.000;20.000;0.000;230;0;1;1;1
P;86.683;94.276;0.200;0.000;0.000;0.000;20.000;0.014;230;0;1;1;1
T;86.219;94.181;0.200;0.000;0.000;0.000;20.000;0.000;230;0;1;1;1
T;85.935;94.158;0.200;0.000;0.000;0.000;20.000;0.000;230;0;1;1;1
P;85.424;94.185;0.200;0.000;0.000;0.000;20.000;0.014;230;0;1;1;1
T;85.273;93.925;0.200;0.000;0.000;0.000;20.000;0.000;230;0;1;1;1
P;55.819;110.923;0.200;0.000;0.000;0.000;20.000;0.031;230;0;1;1;1
T;55.568;111.009;0.200;0.000;0.000;0.000;20.000;0.000;230;0;1;1;1
T;55.410;111.031;0.200;0.000;0.000;0.000;20.000;0.000;230;0;1;1;1
T;55.269;111.027;0.200;0.000;0.000;0.000;20.000;0.000;230;0;1;1;1
P;55.010;110.969;0.200;0.000;0.000;0.000;20.000;0.015;230;0;1;1;1
P;54.745;110.828;0.200;0.000;0.000;0.000;20.000;0.004;230;0;1;1;1
T;54.555;110.644;0.200;0.000;0.000;0.000;20.000;0.000;230;0;1;1;1
T;54.466;110.516;0.200;0.000;0.000;0.000;20.000;0.000;230;0;1;1;1
T;54.399;110.374;0.200;0.000;0.000;0.000;20.000;0.000;230;0;1;1;1
P;54.335;110.117;0.200;0.000;0.000;0.000;20.000;0.013;230;0;1;1;1
P;54.345;109.817;0.200;0.000;0.000;0.000;20.000;0.004;230;0;1;1;1
T;54.424;109.565;0.200;0.000;0.000;0.000;20.000;0.000;230;0;1;1;1
T;54.492;109.441;0.200;0.000;0.000;0.000;20.000;0.000;230;0;1;1;1
P;54.590;109.315;0.200;0.000;0.000;0.000;20.000;0.004;230;0;1;1;1
P;54.790;109.141;0.200;0.000;0.000;0.000;20.000;0.013;230;0;1;1;1
P;84.239;92.130;0.200;0.000;0.000;0.000;20.000;0.031;230;0;1;1;1
T;84.087;91.868;0.200;0.000;0.000;0.000;20.000;0.000;230;0;1;1;1
P;84.366;91.439;0.200;0.000;0.000;0.000;20.000;0.013;230;0;1;1;1
T;84.489;91.181;0.200;0.000;0.000;0.000;20.000;0.000;230;0;1;1;1
P;84.638;90.732;0.200;0.000;0.000;0.000;20.000;0.012;230;0;1;1;1
T;84.714;90.265;0.200;0.000;0.000;0.000;20.000;0.000;230;0;1;1;1
T;84.725;89.999;0.200;0.000;0.000;0.000;20.000;0.000;230;0;1;1;1
T;84.714;89.733;0.200;0.000;0.000;0.000;20.000;0.000;230;0;1;1;1
P;84.638;89.266;0.200;0.000;0.000;0.000;20.000;0.014;230;0;1;1;1
T;84.489;88.816;0.200;0.000;0.000;0.000;20.000;0.000;230;0;1;1;1
T;84.366;88.558;0.200;0.000;0.000;0.000;20.000;0.000;230;0;1;1;1
P;84.087;88.129;0.200;0.000;0.000;0.000;20.000;0.014;230;0;1;1;1
T;84.238;87.869;0.200;0.000;0.000;0.000;20.000;0.000;230;0;1;1;1
P;54.861;70.908;0.200;0.000;0.000;0.000;20.000;0.031;230;0;1;1;1
T;54.663;70.761;0.200;0.000;0.000;0.000;20.000;0.000;230;0;1;1;1
P;54.497;70.560;0.200;0.000;0.000;0.000;20.000;0.002;230;0;1;1;1
P;54.381;70.326;0.200;0.000;0.000;0.000;20.000;0.000;230;0;1;1;1
P;54.327;70.027;0.200;0.000;0.000;0.000;20.000;0.004;230;0;1;1;1
T;54.337;69.850;0.200;0.000;0.000;0.000;20.000;0.000;230;0;1;1;1
P;54.395;69.631;0.200;0.000;0.000;0.000;20.000;0.007;230;0;1;1;1
T;54.457;69.501;0.200;0.000;0.000;0.000;20.000;0.000;230;0;1;1;1
P;54.613;69.292;0.200;0.000;0.000;0.000;20.000;0.014;230;0;1;1;1
T;54.799;69.138;0.200;0.000;0.000;0.000;20.000;0.000;230;0;1;1;1
P;55.016;69.031;0.200;0.000;0.000;0.000;20.000;0.000;230;0;1;1;1
P;55.270;68.973;0.200;0.000;0.000;0.000;20.000;0.002;230;0;1;1;1
T;55.413;68.969;0.200;0.000;0.000;0.000;20.000;0.000;230;0;1;1;1
T;55.555;68.988;0.200;0.000;0.000;0.000;20.000;0.000;230;0;1;1;1
P;55.820;69.078;0.200;0.000;0.000;0.000;20.000;0.015;230;0;1;1;1
P;85.275;86.076;0.200;0.000;0.000;0.000;20.000;0.031;230;0;1;1;1
T;85.426;85.814;0.200;0.000;0.000;0.000;20.000;0.000;230;0;1;1;1
P;85.729;85.840;0.200;0.000;0.000;0.000;20.000;0.000;230;0;1;1;1
P;86.202;85.821;0.200;0.000;0.000;0.000;20.000;0.011;230;0;1;1;1
P;86.684;85.723;0.200;0.000;0.000;0.000;20.000;0.001;230;0;1;1;1
T;87.107;85.564;0.200;0.000;0.000;0.000;20.000;0.000;230;0;1;1;1
T;87.378;85.424;0.200;0.000;0.000;0.000;20.000;0.000;230;0;1;1;1
P;87.755;85.164;0.200;0.000;0.000;0.000;20.000;0.010;230;0;1;1;1
T;87.968;84.975;0.200;0.000;0.000;0.000;20.000;0.000;230;0;1;1;1
P;88.282;84.620;0.200;0.000;0.000;0.000;20.000;0.012;230;0;1;1;1
T;88.535;84.220;0.200;0.000;0.000;0.000;20.000;0.000;230;0;1;1;1
T;88.664;83.944;0.200;0.000;0.000;0.000;20.000;0.000;230;0;1;1;1
T;88.964;83.944;0.200;0.000;0.000;0.000;20.000;0.000;230;0;1;1;1
P;88.971;49.937;0.200;0.000;0.000;0.000;20.000;0.031;230;0;1;1;1
T;89.022;49.676;0.200;0.000;0.000;0.000;20.000;0.000;230;0;1;1;1
T;89.082;49.529;0.200;0.000;0.000;0.000;20.000;0.000;230;0;1;1;1
T;89.155;49.410;0.200;0.000;0.000;0.000;20.000;0.000;230;0;1;1;1
P;89.345;49.204;0.200;0.000;0.000;0.000;20.000;0.016;230;0;1;1;1
T;89.445;49.131;0.200;0.000;0.000;0.000;20.000;0.000;230;0;1;1;1
P;89.700;49.014;0.200;0.000;0.000;0.000;20.000;0.017;230;0;1;1;1
T;89.835;48.981;0.200;0.000;0.000;0.000;20.000;0.000;230;0;1;1;1
P;89.995;48.970;0.200;0.000;0.000;0.000;20.000;0.004;230;0;1;1;1
P;90.258;49.002;0.200;0.000;0.000;0.000;20.000;0.012;230;0;1;1;1
T;90.377;49.041;0.200;0.000;0.000;0.000;20.000;0.000;230;0;1;1;1
P;90.621;49.177;0.200;0.000;0.000;0.000;20.000;0.017;230;0;1;1;1
P;90.835;49.393;0.200;0.000;0.000;0.000;20.000;0.003;230;0;1;1;1
T;90.918;49.529;0.200;0.000;0.000;0.000;20.000;0.000;230;0;1;1;1
P;90.978;49.676;0.200;0.000;0.000;0.000;20.000;0.000;230;0;1;1;1
P;91.029;49.937;0.200;0.000;0.000;0.000;20.000;0.012;230;0;1;1;1
P;91.036;83.885;0.200;0.000;0.000;0.000;20.000;0.031;230;0;1;1;1
T;91.413;83.568;0.200;0.000;0.000;0.000;150.000;0.000;230;0;1;1;1
T;91.610;83.568;0.200;0.000;0.000;0.000;20.000;0.000;230;0;1;1;1
P;91.695;83.823;0.200;0.000;0.000;0.000;20.000;0.008;230;0;1;1;1
T;91.798;84.039;0.200;0.000;0.000;0.000;20.000;0.000;230;0;1;1;1
P;92.022;84.395;0.200;0.000;0.000;0.000;20.000;0.013;230;0;1;1;1
P;92.309;84.718;0.200;0.000;0.000;0.000;20.000;0.001;230;0;1;1;1
T;92.635;84.984;0.200;0.000;0.000;0.000;20.000;0.000;230;0;1;1;1
T;92.827;85.106;0.200;0.000;0.000;0.000;20.000;0.000;230;0;1;1;1
T;93.029;85.212;0.200;0.000;0.000;0.000;20.000;0.000;230;0;1;1;1
P;93.422;85.361;0.200;0.000;0.000;0.000;20.000;0.014;230;0;1;1;1
T;93.834;85.445;0.200;0.000;0.000;0.000;20.000;0.000;230;0;1;1;1
T;94.073;85.464;0.200;0.000;0.000;0.000;20.000;0.000;230;0;1;1;1
P;94.493;85.447;0.200;0.000;0.000;0.000;20.000;0.013;230;0;1;1;1
T;94.767;85.391;0.200;0.000;0.000;0.000;20.000;0.000;230;0;1;1;1
T;94.865;85.560;0.200;0.000;0.000;0.000;20.000;0.000;230;0;1;1;1
P;124.024;68.732;0.200;0.000;0.000;0.000;20.000;0.031;230;0;1;1;1
T;124.344;68.623;0.200;0.000;0.000;0.000;20.000;0.000;230;0;1;1;1
T;124.569;68.592;0.200;0.000;0.000;0.000;20.000;0.000;230;0;1;1;1
T;124.778;68.597;0.200;0.000;0.000;0.000;20.000;0.000;230;0;1;1;1
P;125.107;68.671;0.200;0.000;0.000;0.000;20.000;0.012;230;0;1;1;1
T;125.316;68.762;0.200;0.000;0.000;0.000;20.000;0.000;230;0;1;1;1
T;125.491;68.875;0.200;0.000;0.000;0.000;20.000;0.000;230;0;1;1;1
P;125.733;69.110;0.200;0.000;0.000;0.000;20.000;0.012;230;0;1;1;1
T;125.862;69.295;0.200;0.000;0.000;0.000;20.000;0.000;230;0;1;1;1
T;125.958;69.499;0.200;0.000;0.000;0.000;20.000;0.000;230;0;1;1;1
P;126.040;69.827;0.200;0.000;0.000;0.000;20.000;0.010;230;0;1;1;1
T;126.051;70.035;0.200;0.000;0.000;0.000;20.000;0.000;230;0;1;1;1
P;126.026;70.261;0.200;0.000;0.000;0.000;20.000;0.003;230;0;1;1;1
P;125.924;70.583;0.200;0.000;0.000;0.000;20.000;0.010;230;0;1;1;1
T;125.825;70.767;0.200;0.000;0.000;0.000;20.000;0.000;230;0;1;1;1
P;125.685;70.946;0.200;0.000;0.000;0.000;20.000;0.002;230;0;1;1;1
P;125.430;71.168;0.200;0.000;0.000;0.000;20.000;0.010;230;0;1;1;1
P;96.276;88.008;0.200;0.000;0.000;0.000;20.000;0.031;230;0;1;1;1
T;96.375;88.179;0.200;0.000;0.000;0.000;20.000;0.000;230;0;1;1;1
P;96.189;88.388;0.200;0.000;0.000;0.000;20.000;0.009;230;0;1;1;1
P;95.965;88.743;0.200;0.000;0.000;0.000;20.000;0.010;230;0;1;1;1
T;95.862;88.960;0.200;0.000;0.000;0.000;20.000;0.000;230;0;1;1;1
P;95.729;89.359;0.200;0.000;0.000;0.000;20.000;0.013;230;0;1;1;1
T;95.661;89.773;0.200;0.000;0.000;0.000;20.000;0.000;230;0;1;1;1
T;95.652;90.001;0.200;0.000;0.000;0.000;20.000;0.000;230;0;1;1;1
T;95.661;90.229;0.200;0.000;0.000;0.000;20.000;0.000;230;0;1;1;1
P;95.729;90.644;0.200;0.000;0.000;0.000;20.000;0.014;230;0;1;1;1
T;95.862;91.043;0.200;0.000;0.000;0.000;20.000;0.000;230;0;1;1;1
T;95.965;91.259;0.200;0.000;0.000;0.000;20.000;0.000;230;0;1;1;1
P;96.189;91.615;0.200;0.000;0.000;0.000;20.000;0.013;230;0;1;1;1
T;96.375;91.824;0.200;0.000;0.000;0.000;20.000;0.000;230;0;1;1;1
T;96.277;91.993;0.200;0.000;0.000;0.000;20.000;0.000;230;0;1;1;1
P;125.431;108.830;0.200;0.000;0.000;0.000;20.000;0.031;230;0;1;1;1
T;125.603;108.970;0.200;0.000;0.000;0.000;20.000;0.000;230;0;1;1;1
P;125.822;109.233;0.200;0.000;0.000;0.000;20.000;0.011;230;0;1;1;1
P;125.974;109.541;0.200;0.000;0.000;0.000;20.000;0.000;230;0;1;1;1
T;126.028;109.743;0.200;0.000;0.000;0.000;20.000;0.000;230;0;1;1;1
P;126.051;109.963;0.200;0.000;0.000;0.000;20.000;0.002;230;0;1;1;1
P;126.039;110.193;0.200;0.000;0.000;0.000;20.000;0.001;230;0;1;1;1
P;125.958;110.505;0.200;0.000;0.000;0.000;20.000;0.009;230;0;1;1;1
T;125.867;110.695;0.200;0.000;0.000;0.000;20.000;0.000;230;0;1;1;1
P;125.662;110.969;0.200;0.000;0.000;0.000;20.000;0.012;230;0;1;1;1
T;125.408;111.181;0.200;0.000;0.000;0.000;20.000;0.000;230;0;1;1;1
P;125.111;111.327;0.200;0.000;0.000;0.000;20.000;0.000;230;0;1;1;1
P;124.777;111.403;0.200;0.000;0.000;0.000;20.000;0.001;230;0;1;1;1
T;124.567;111.408;0.200;0.000;0.000;0.000;20.000;0.000;230;0;1;1;1
T;124.359;111.381;0.200;0.000;0.000;0.000;20.000;0.000;230;0;1;1;1
P;124.024;111.267;0.200;0.000;0.000;0.000;20.000;0.013;230;0;1;1;1
P;94.863;94.439;0.200;0.000;0.000;0.000;20.000;0.031;230;0;1;1;1
T;94.765;94.610;0.200;0.000;0.000;0.000;20.000;0.000;230;0;1;1;1
P;94.502;94.557;0.200;0.000;0.000;0.000;20.000;0.008;230;0;1;1;1
T;94.263;94.537;0.200;0.000;0.000;0.000;20.000;0.000;230;0;1;1;1
P;93.843;94.554;0.200;0.000;0.000;0.000;20.000;0.013;230;0;1;1;1
P;93.421;94.640;0.200;0.000;0.000;0.000;20.000;0.001;230;0;1;1;1
T;93.046;94.782;0.200;0.000;0.000;0.000;20.000;0.000;230;0;1;1;1
T;92.816;94.900;0.200;0.000;0.000;0.000;20.000;0.000;230;0;1;1;1
P;92.478;95.133;0.200;0.000;0.000;0.000;20.000;0.012;230;0;1;1;1
T;92.299;95.292;0.200;0.000;0.000;0.000;20.000;0.000;230;0;1;1;1
P;92.020;95.607;0.200;0.000;0.000;0.000;20.000;0.013;230;0;1;1;1
T;91.796;95.962;0.200;0.000;0.000;0.000;20.000;0.000;230;0;1;1;1
T;91.693;96.179;0.200;0.000;0.000;0.000;20.000;0.000;230;0;1;1;1
P;91.608;96.433;0.200;0.000;0.000;0.000;20.000;0.003;230;0;1;1;1
T;91.413;96.433;0.200;0.000;0.000;0.000;20.000;0.000;230;0;1;1;1
P;91.406;130.100;0.200;0.000;0.000;0.000;20.000;0.031;230;0;1;1;1
T;91.341;130.432;0.200;0.000;0.000;0.000;20.000;0.000;230;0;1;1;1
T;91.256;130.642;0.200;0.000;0.000;0.000;20.000;0.000;230;0;1;1;1
T;91.147;130.820;0.200;0.000;0.000;0.000;20.000;0.000;230;0;1;1;1
P;90.918;131.069;0.200;0.000;0.000;0.000;20.000;0.012;230;0;1;1;1
T;90.735;131.203;0.200;0.000;0.000;0.000;20.000;0.000;230;0;1;1;1
T;90.549;131.298;0.200;0.000;0.000;0.000;20.000;0.000;230;0;1;1;1
P;90.224;131.391;0.200;0.000;0.000;0.000;20.000;0.012;230;0;1;1;1
T;90.000;131.410;0.200;0.000;0.000;0.000;20.000;0.000;230;0;1;1;1
T;89.776;131.391;0.200;0.000;0.000;0.000;20.000;0.000;230;0;1;1;1
P;89.451;131.298;0.200;0.000;0.000;0.000;20.000;0.010;230;0;1;1;1
T;89.265;131.203;0.200;0.000;0.000;0.000;20.000;0.000;230;0;1;1;1
P;89.082;131.069;0.200;0.000;0.000;0.000;20.000;0.003;230;0;1;1;1
P;88.853;130.820;0.200;0.000;0.000;0.000;20.000;0.010;230;0;1;1;1
T;88.744;130.642;0.200;0.000;0.000;0.000;20.000;0.000;230;0;1;1;1
P;88.659;130.432;0.200;0.000;0.000;0.000;20.000;0.002;230;0;1;1;1
P;88.594;130.100;0.200;0.000;0.000;0.000;20.000;0.010;230;0;1;1;1
P;88.587;96.432;0.200;0.000;0.000;0.000;20.000;0.031;230;0;1;1;1
T;88.390;96.432;0.200;0.000;0.000;0.000;20.000;0.000;230;0;1;1;1
P;88.305;96.177;0.200;0.000;0.000;0.000;20.000;0.008;230;0;1;1;1
T;88.202;95.961;0.200;0.000;0.000;0.000;20.000;0.000;230;0;1;1;1
P;87.978;95.605;0.200;0.000;0.000;0.000;20.000;0.013;230;0;1;1;1
P;87.691;95.282;0.200;0.000;0.000;0.000;20.000;0.001;230;0;1;1;1
T;87.365;95.016;0.200;0.000;0.000;0.000;20.000;0.000;230;0;1;1;1
T;87.173;94.894;0.200;0.000;0.000;0.000;20.000;0.000;230;0;1;1;1
T;86.971;94.788;0.200;0.000;0.000;0.000;20.000;0.000;230;0;1;1;1
P;86.578;94.639;0.200;0.000;0.000;0.000;20.000;0.014;230;0;1;1;1
T;86.166;94.555;0.200;0.000;0.000;0.000;20.000;0.000;230;0;1;1;1
T;85.927;94.536;0.200;0.000;0.000;0.000;20.000;0.000;230;0;1;1;1
P;85.507;94.553;0.200;0.000;0.000;0.000;20.000;0.013;230;0;1;1;1
T;85.233;94.609;0.200;0.000;0.000;0.000;20.000;0.000;230;0;1;1;1
T;85.135;94.440;0.200;0.000;0.000;0.000;20.000;0.000;230;0;1;1;1
P;55.976;111.268;0.200;0.000;0.000;0.000;20.000;0.031;230;0;1;1;1
T;55.656;111.377;0.200;0.000;0.000;0.000;20.000;0.000;230;0;1;1;1
T;55.431;111.408;0.200;0.000;0.000;0.000;20.000;0.000;230;0;1;1;1
T;55.222;111.403;0.200;0.000;0.000;0.000;20.000;0.000;230;0;1;1;1
P;54.893;111.329;0.200;0.000;0.000;0.000;20.000;0.012;230;0;1;1;1
T;54.684;111.238;0.200;0.000;0.000;0.000;20.000;0.000;230;0;1;1;1
T;54.509;111.125;0.200;0.000;0.000;0.000;20.000;0.000;230;0;1;1;1
P;54.267;110.890;0.200;0.000;0.000;0.000;20.000;0.012;230;0;1;1;1
T;54.138;110.705;0.200;0.000;0.000;0.000;20.000;0.000;230;0;1;1;1
T;54.042;110.501;0.200;0.000;0.000;0.000;20.000;0.000;230;0;1;1;1
P;53.960;110.173;0.200;0.000;0.000;0.000;20.000;0.010;230;0;1;1;1
T;53.949;109.965;0.200;0.000;0.000;0.000;20.000;0.000;230;0;1;1;1
P;53.974;109.739;0.200;0.000;0.000;0.000;20.000;0.003;230;0;1;1;1
P;54.076;109.417;0.200;0.000;0.000;0.000;20.000;0.010;230;0;1;1;1
T;54.175;109.233;0.200;0.000;0.000;0.000;20.000;0.000;230;0;1;1;1
P;54.315;109.054;0.200;0.000;0.000;0.000;20.000;0.002;230;0;1;1;1
P;54.570;108.832;0.200;0.000;0.000;0.000;20.000;0.010;230;0;1;1;1
P;83.724;91.992;0.200;0.000;0.000;0.000;20.000;0.031;230;0;1;1;1
T;83.625;91.821;0.200;0.000;0.000;0.000;20.000;0.000;230;0;1;1;1
P;83.811;91.612;0.200;0.000;0.000;0.000;20.000;0.009;230;0;1;1;1
P;84.035;91.257;0.200;0.000;0.000;0.000;20.000;0.010;230;0;1;1;1
T;84.138;91.040;0.200;0.000;0.000;0.000;20.000;0.000;230;0;1;1;1
P;84.271;90.641;0.200;0.000;0.000;0.000;20.000;0.013;230;0;1;1;1
T;84.339;90.227;0.200;0.000;0.000;0.000;20.000;0.000;230;0;1;1;1
T;84.348;89.999;0.200;0.000;0.000;0.000;20.000;0.000;230;0;1;1;1
T;84.339;89.771;0.200;0.000;0.000;0.000;20.000;0.000;230;0;1;1;1
P;84.271;89.356;0.200;0.000;0.000;0.000;20.000;0.014;230;0;1;1;1
T;84.138;88.957;0.200;0.000;0.000;0.000;20.000;0.000;230;0;1;1;1
T;84.035;88.741;0.200;0.000;0.000;0.000;20.000;0.000;230;0;1;1;1
P;83.811;88.385;0.200;0.000;0.000;0.000;20.000;0.013;230;0;1;1;1
T;83.625;88.176;0.200;0.000;0.000;0.000;20.000;0.000;230;0;1;1;1
T;83.723;88.007;0.200;0.000;0.000;0.000;20.000;0.000;230;0;1;1;1
P;54.666;71.231;0.200;0.000;0.000;0.000;20.000;0.031;230;0;1;1;1
T;54.397;71.030;0.200;0.000;0.000;0.000;20.000;0.000;230;0;1;1;1
P;54.178;70.767;0.200;0.000;0.000;0.000;20.000;0.001;230;0;1;1;1
P;54.026;70.459;0.200;0.000;0.000;0.000;20.000;0.000;230;0;1;1;1
T;53.972;70.257;0.200;0.000;0.000;0.000;20.000;0.000;230;0;1;1;1
P;53.949;70.037;0.200;0.000;0.000;0.000;20.000;0.002;230;0;1;1;1
P;53.961;69.807;0.200;0.000;0.000;0.000;20.000;0.001;230;0;1;1;1
P;54.042;69.495;0.200;0.000;0.000;0.000;20.000;0.009;230;0;1;1;1
T;54.133;69.305;0.200;0.000;0.000;0.000;20.000;0.000;230;0;1;1;1
P;54.338;69.031;0.200;0.000;0.000;0.000;20.000;0.012;230;0;1;1;1
T;54.592;68.819;0.200;0.000;0.000;0.000;20.000;0.000;230;0;1;1;1
P;54.889;68.673;0.200;0.000;0.000;0.000;20.000;0.000;230;0;1;1;1
P;55.223;68.597;0.200;0.000;0.000;0.000;20.000;0.001;230;0;1;1;1
T;55.433;68.592;0.200;0.000;0.000;0.000;20.000;0.000;230;0;1;1;1
T;55.641;68.619;0.200;0.000;0.000;0.000;20.000;0.000;230;0;1;1;1
P;55.976;68.733;0.200;0.000;0.000;0.000;20.000;0.013;230;0;1;1;1
P;85.137;85.561;0.200;0.000;0.000;0.000;20.000;0.031;230;0;1;1;1
T;85.235;85.390;0.200;0.000;0.000;0.000;20.000;0.000;230;0;1;1;1
P;85.498;85.443;0.200;0.000;0.000;0.000;20.000;0.008;230;0;1;1;1
T;85.737;85.463;0.200;0.000;0.000;0.000;20.000;0.000;230;0;1;1;1
P;86.157;85.446;0.200;0.000;0.000;0.000;20.000;0.013;230;0;1;1;1
P;86.579;85.360;0.200;0.000;0.000;0.000;20.000;0.001;230;0;1;1;1
T;86.954;85.218;0.200;0.000;0.000;0.000;20.000;0.000;230;0;1;1;1
T;87.184;85.100;0.200;0.000;0.000;0.000;20.000;0.000;230;0;1;1;1
P;87.522;84.867;0.200;0.000;0.000;0.000;20.000;0.012;230;0;1;1;1
T;87.701;84.708;0.200;0.000;0.000;0.000;20.000;0.000;230;0;1;1;1
P;87.980;84.393;0.200;0.000;0.000;0.000;20.000;0.013;230;0;1;1;1
T;88.204;84.038;0.200;0.000;0.000;0.000;20.000;0.000;230;0;1;1;1
T;88.307;83.821;0.200;0.000;0.000;0.000;20.000;0.000;230;0;1;1;1
P;88.392;83.567;0.200;0.000;0.000;0.000;20.000;0.003;230;0;1;1;1
T;88.587;83.567;0.200;0.000;0.000;0.000;20.000;0.000;230;0;1;1;1
P;88.594;49.900;0.200;0.000;0.000;0.000;20.000;0.031;230;0;1;1;1
T;88.659;49.568;0.200;0.000;0.000;0.000;20.000;0.000;230;0;1;1;1
T;88.744;49.358;0.200;0.000;0.000;0.000;20.000;0.000;230;0;1;1;1
T;88.853;49.181;0.200;0.000;0.000;0.000;20.000;0.000;230;0;1;1;1
P;89.093;48.921;0.200;0.000;0.000;0.000;20.000;0.013;230;0;1;1;1
T;89.254;48.804;0.200;0.000;0.000;0.000;20.000;0.000;230;0;1;1;1
P;89.575;48.656;0.200;0.000;0.000;0.000;20.000;0.014;230;0;1;1;1
T;89.777;48.607;0.200;0.000;0.000;0.000;20.000;0.000;230;0;1;1;1
P;90.004;48.591;0.200;0.000;0.000;0.000;20.000;0.003;230;0;1;1;1
P;90.339;48.632;0.200;0.000;0.000;0.000;20.000;0.010;230;0;1;1;1
T;90.529;48.693;0.200;0.000;0.000;0.000;20.000;0.000;230;0;1;1;1
P;90.838;48.867;0.200;0.000;0.000;0.000;20.000;0.014;230;0;1;1;1
T;90.997;49.003;0.200;0.000;0.000;0.000;20.000;0.000;230;0;1;1;1
P;91.141;49.171;0.200;0.000;0.000;0.000;20.000;0.002;230;0;1;1;1
T;91.256;49.358;0.200;0.000;0.000;0.000;20.000;0.000;230;0;1;1;1
P;91.341;49.568;0.200;0.000;0.000;0.000;20.000;0.001;230;0;1;1;1
P;91.406;49.900;0.200;0.000;0.000;0.000;20.000;0.010;230;0;1;1;1
P;91.413;83.508;0.200;0.000;0.000;0.000;20.000;0.031;230;0;1;1;1
T;91.790;83.191;0.200;0.000;0.000;0.000;150.000;0.000;230;0;1;1;1
T;91.906;83.191;0.200;0.000;0.000;0.000;20.000;0.000;230;0;1;2;1
P;91.929;83.334;0.200;0.000;0.000;0.000;20.000;0.006;230;0;1;2;1
P;92.045;83.682;0.200;0.000;0.000;0.000;20.000;0.019;230;0;1;2;1
T;92.129;83.857;0.200;0.000;0.000;0.000;20.000;0.000;230;0;1;2;1
P;92.325;84.167;0.200;0.000;0.000;0.000;20.000;0.015;230;0;1;2;1
P;92.571;84.445;0.200;0.000;0.000;0.000;20.000;0.000;230;0;1;2;1
T;92.855;84.677;0.200;0.000;0.000;0.000;20.000;0.000;230;0;1;2;1
T;93.016;84.779;0.200;0.000;0.000;0.000;20.000;0.000;230;0;1;2;1
T;93.184;84.867;0.200;0.000;0.000;0.000;20.000;0.000;230;0;1;2;1
P;93.527;84.997;0.200;0.000;0.000;0.000;20.000;0.015;230;0;1;2;1
T;93.887;85.071;0.200;0.000;0.000;0.000;20.000;0.000;230;0;1;2;1
T;94.081;85.086;0.200;0.000;0.000;0.000;20.000;0.000;230;0;1;2;1
P;94.447;85.072;0.200;0.000;0.000;0.000;20.000;0.015;230;0;1;2;1
P;94.811;84.997;0.200;0.000;0.000;0.000;20.000;0.000;230;0;1;2;1
T;94.946;84.947;0.200;0.000;0.000;0.000;20.000;0.000;230;0;1;2;1
T;95.003;85.045;0.200;0.000;0.000;0.000;20.000;0.000;230;0;1;2;1
P;123.868;68.388;0.200;0.000;0.000;0.000;20.000;0.031;230;0;1;2;1
T;124.257;68.254;0.200;0.000;0.000;0.000;20.000;0.000;230;0;1;2;1
T;124.548;68.214;0.200;0.000;0.000;0.000;20.000;0.000;230;0;1;2;1
T;124.824;68.221;0.200;0.000;0.000;0.000;20.000;0.000;230;0;1;2;1
P;125.225;68.310;0.200;0.000;0.000;0.000;20.000;0.010;230;0;1;2;1
T;125.495;68.429;0.200;0.000;0.000;0.000;20.000;0.000;230;0;1;2;1
T;125.727;68.579;0.200;0.000;0.000;0.000;20.000;0.000;230;0;1;2;1
P;126.022;68.865;0.200;0.000;0.000;0.000;20.000;0.010;230;0;1;2;1
T;126.190;69.106;0.200;0.000;0.000;0.000;20.000;0.000;230;0;1;2;1
T;126.315;69.372;0.200;0.000;0.000;0.000;20.000;0.000;230;0;1;2;2
P;126.414;69.770;0.200;0.000;0.000;0.000;20.000;0.009;230;0;1;2;2
T;126.429;70.046;0.200;0.000;0.000;0.000;20.000;0.000;230;0;1;2;2
P;126.396;70.339;0.200;0.000;0.000;0.000;20.000;0.002;230;0;1;2;2
P;126.273;70.731;0.200;0.000;0.000;0.000;20.000;0.009;230;0;1;2;2
T;126.141;70.974;0.200;0.000;0.000;0.000;20.000;0.000;230;0;1;2;2
P;125.961;71.206;0.200;0.000;0.000;0.000;20.000;0.002;230;0;1;2;2
P;125.651;71.476;0.200;0.000;0.000;0.000;20.000;0.009;230;0;1;2;2
P;96.792;88.146;0.200;0.000;0.000;0.000;20.000;0.031;230;0;1;2;2
T;96.849;88.246;0.200;0.000;0.000;0.000;20.000;0.000;230;0;1;2;2
P;96.738;88.338;0.200;0.000;0.000;0.000;20.000;0.006;230;0;1;2;2
P;96.492;88.615;0.200;0.000;0.000;0.000;20.000;0.019;230;0;1;2;2
T;96.296;88.926;0.200;0.000;0.000;0.000;20.000;0.000;230;0;1;2;2
T;96.212;89.101;0.200;0.000;0.000;0.000;20.000;0.000;230;0;1;2;2
P;96.096;89.449;0.200;0.000;0.000;0.000;20.000;0.015;230;0;1;2;2
T;96.037;89.811;0.200;0.000;0.000;0.000;20.000;0.000;230;0;1;2;2
T;96.030;90.001;0.200;0.000;0.000;0.000;20.000;0.000;230;0;1;2;2
T;96.037;90.191;0.200;0.000;0.000;0.000;20.000;0.000;230;0;1;2;2
P;96.096;90.553;0.200;0.000;0.000;0.000;20.000;0.015;230;0;1;2;2
T;96.212;90.902;0.200;0.000;0.000;0.000;20.000;0.000;230;0;1;2;2
T;96.296;91.077;0.200;0.000;0.000;0.000;20.000;0.000;230;0;1;2;2
P;96.492;91.387;0.200;0.000;0.000;0.000;20.000;0.015;230;0;1;2;2
P;96.738;91.665;0.200;0.000;0.000;0.000;20.000;0.000;230;0;1;2;2
T;96.849;91.757;0.200;0.000;0.000;0.000;20.000;0.000;230;0;1;2;2
T;96.793;91.855;0.200;0.000;0.000;0.000;20.000;0.000;230;0;1;2;2
P;125.651;108.523;0.200;0.000;0.000;0.000;20.000;0.031;230;0;1;2;2
T;125.869;108.700;0.200;0.000;0.000;0.000;20.000;0.000;230;0;1;2;2
P;126.140;109.026;0.200;0.000;0.000;0.000;20.000;0.011;230;0;1;2;2
P;126.328;109.407;0.200;0.000;0.000;0.000;20.000;0.000;230;0;1;2;2
T;126.400;109.674;0.200;0.000;0.000;0.000;20.000;0.000;230;0;1;2;2
P;126.429;109.953;0.200;0.000;0.000;0.000;20.000;0.001;230;0;1;2;2
P;126.414;110.237;0.200;0.000;0.000;0.000;20.000;0.000;230;0;1;2;2
P;126.311;110.641;0.200;0.000;0.000;0.000;20.000;0.010;230;0;1;2;2
T;126.192;110.891;0.200;0.000;0.000;0.000;20.000;0.000;230;0;1;2;2
P;125.938;111.231;0.200;0.000;0.000;0.000;20.000;0.011;230;0;1;2;2
T;125.615;111.499;0.200;0.000;0.000;0.000;20.000;0.000;230;0;1;2;2
P;125.238;111.685;0.200;0.000;0.000;0.000;20.000;0.000;230;0;1;2;2
P;124.824;111.779;0.200;0.000;0.000;0.000;20.000;0.000;230;0;1;2;2
T;124.547;111.786;0.200;0.000;0.000;0.000;20.000;0.000;230;0;1;2;2
T;124.273;111.750;0.200;0.000;0.000;0.000;20.000;0.000;230;0;1;2;2
P;123.867;111.612;0.200;0.000;0.000;0.000;20.000;0.011;230;0;1;2;2
P;95.002;94.955;0.200;0.000;0.000;0.000;20.000;0.031;230;0;1;2;2
T;94.944;95.055;0.200;0.000;0.000;0.000;20.000;0.000;230;0;1;2;2
P;94.808;95.004;0.200;0.000;0.000;0.000;20.000;0.006;230;0;1;2;2
P;94.449;94.931;0.200;0.000;0.000;0.000;20.000;0.019;230;0;1;2;2
T;94.256;94.915;0.200;0.000;0.000;0.000;20.000;0.000;230;0;1;2;2
P;93.889;94.930;0.200;0.000;0.000;0.000;20.000;0.015;230;0;1;2;2
P;93.525;95.004;0.200;0.000;0.000;0.000;20.000;0.000;230;0;1;2;2
T;93.199;95.127;0.200;0.000;0.000;0.000;20.000;0.000;230;0;1;2;2
T;93.011;95.224;0.200;0.000;0.000;0.000;20.000;0.000;230;0;1;2;2
P;92.711;95.431;0.200;0.000;0.000;0.000;20.000;0.013;230;0;1;2;2
T;92.566;95.559;0.200;0.000;0.000;0.000;20.000;0.000;230;0;1;2;2
P;92.323;95.834;0.200;0.000;0.000;0.000;20.000;0.015;230;0;1;2;2
T;92.126;96.144;0.200;0.000;0.000;0.000;20.000;0.000;230;0;1;2;2
T;92.043;96.320;0.200;0.000;0.000;0.000;20.000;0.000;230;0;1;2;2
P;91.927;96.667;0.200;0.000;0.000;0.000;20.000;0.015;230;0;1;2;2
T;91.903;96.810;0.200;0.000;0.000;0.000;20.000;0.000;230;0;1;2;2
T;91.790;96.810;0.200;0.000;0.000;0.000;20.000;0.000;230;0;1;2;2
P;91.783;130.136;0.200;0.000;0.000;0.000;20.000;0.031;230;0;1;2;2
T;91.704;130.540;0.200;0.000;0.000;0.000;20.000;0.000;230;0;1;2;2
T;91.593;130.812;0.200;0.000;0.000;0.000;20.000;0.000;230;0;1;2;2
T;91.449;131.048;0.200;0.000;0.000;0.000;20.000;0.000;230;0;1;2;2
P;91.171;131.351;0.200;0.000;0.000;0.000;20.000;0.010;230;0;1;2;2
T;90.934;131.525;0.200;0.000;0.000;0.000;20.000;0.000;230;0;1;2;2
T;90.688;131.651;0.200;0.000;0.000;0.000;20.000;0.000;230;0;1;2;2
P;90.293;131.764;0.200;0.000;0.000;0.000;20.000;0.010;230;0;1;2;2
T;90.000;131.788;0.200;0.000;0.000;0.000;20.000;0.000;230;0;1;2;2
T;89.707;131.764;0.200;0.000;0.000;0.000;20.000;0.000;230;0;1;2;2
P;89.312;131.651;0.200;0.000;0.000;0.000;20.000;0.009;230;0;1;2;2
T;89.066;131.525;0.200;0.000;0.000;0.000;20.000;0.000;230;0;1;2;2
P;88.829;131.351;0.200;0.000;0.000;0.000;20.000;0.002;230;0;1;2;2
P;88.551;131.048;0.200;0.000;0.000;0.000;20.000;0.009;230;0;1;2;2
T;88.407;130.812;0.200;0.000;0.000;0.000;20.000;0.000;230;0;1;2;2
P;88.296;130.540;0.200;0.000;0.000;0.000;20.000;0.002;230;0;1;2;2
P;88.217;130.136;0.200;0.000;0.000;0.000;20.000;0.009;230;0;1;2;2
P;88.210;96.809;0.200;0.000;0.000;0.000;20.000;0.031;230;0;1;2;2
T;88.094;96.809;0.200;0.000;0.000;0.000;20.000;0.000;230;0;1;2;2
P;88.071;96.666;0.200;0.000;0.000;0.000;20.000;0.006;230;0;1;2;2
P;87.955;96.318;0.200;0.000;0.000;0.000;20.000;0.019;230;0;1;2;2
T;87.871;96.143;0.200;0.000;0.000;0.000;20.000;0.000;230;0;1;2;2
P;87.675;95.833;0.200;0.000;0.000;0.000;20.000;0.015;230;0;1;2;2
P;87.429;95.555;0.200;0.000;0.000;0.000;20.000;0.000;230;0;1;2;2
T;87.145;95.323;0.200;0.000;0.000;0.000;20.000;0.000;230;0;1;2;2
T;86.984;95.221;0.200;0.000;0.000;0.000;20.000;0.000;230;0;1;2;2
T;86.816;95.133;0.200;0.000;0.000;0.000;20.000;0.000;230;0;1;2;2
P;86.473;95.003;0.200;0.000;0.000;0.000;20.000;0.015;230;0;1;2;2
T;86.113;94.929;0.200;0.000;0.000;0.000;20.000;0.000;230;0;1;2;2
T;85.919;94.914;0.200;0.000;0.000;0.000;20.000;0.000;230;0;1;2;2
P;85.553;94.928;0.200;0.000;0.000;0.000;20.000;0.015;230;0;1;2;2
P;85.189;95.003;0.200;0.000;0.000;0.000;20.000;0.000;230;0;1;2;2
T;85.054;95.053;0.200;0.000;0.000;0.000;20.000;0.000;230;0;1;2;2
T;84.997;94.955;0.200;0.000;0.000;0.000;20.000;0.000;230;0;1;2;2
P;56.132;111.612;0.200;0.000;0.000;0.000;20.000;0.031;230;0;1;2;2
T;55.743;111.746;0.200;0.000;0.000;0.000;20.000;0.000;230;0;1;2;2
T;55.452;111.786;0.200;0.000;0.000;0.000;20.000;0.000;230;0;1;2;2
T;55.176;111.779;0.200;0.000;0.000;0.000;20.000;0.000;230;0;1;2;2
P;54.775;111.690;0.200;0.000;0.000;0.000;20.000;0.010;230;0;1;2;2
T;54.505;111.571;0.200;0.000;0.000;0.000;20.000;0.000;230;0;1;2;2
T;54.273;111.421;0.200;0.000;0.000;0.000;20.000;0.000;230;0;1;2;2
P;53.978;111.135;0.200;0.000;0.000;0.000;20.000;0.010;230;0;1;2;2
T;53.810;110.894;0.200;0.000;0.000;0.000;20.000;0.000;230;0;1;2;2
T;53.685;110.628;0.200;0.000;0.000;0.000;20.000;0.000;230;0;1;2;2
P;53.586;110.230;0.200;0.000;0.000;0.000;20.000;0.009;230;0;1;2;2
T;53.571;109.954;0.200;0.000;0.000;0.000;20.000;0.000;230;0;1;2;2
P;53.604;109.661;0.200;0.000;0.000;0.000;20.000;0.002;230;0;1;2;2
P;53.727;109.269;0.200;0.000;0.000;0.000;20.000;0.009;230;0;1;2;2
T;53.859;109.026;0.200;0.000;0.000;0.000;20.000;0.000;230;0;1;2;2
P;54.039;108.794;0.200;0.000;0.000;0.000;20.000;0.002;230;0;1;2;2
P;54.349;108.524;0.200;0.000;0.000;0.000;20.000;0.009;230;0;1;2;2
P;83.208;91.854;0.200;0.000;0.000;0.000;20.000;0.031;230;0;1;2;2
T;83.151;91.754;0.200;0.000;0.000;0.000;20.000;0.000;230;0;1;2;2
P;83.262;91.662;0.200;0.000;0.000;0.000;20.000;0.006;230;0;1;2;2
P;83.508;91.385;0.200;0.000;0.000;0.000;20.000;0.019;230;0;1;2;2
T;83.704;91.074;0.200;0.000;0.000;0.000;20.000;0.000;230;0;1;2;2
T;83.788;90.899;0.200;0.000;0.000;0.000;20.000;0.000;230;0;1;2;2
P;83.904;90.551;0.200;0.000;0.000;0.000;20.000;0.015;230;0;1;2;2
T;83.963;90.189;0.200;0.000;0.000;0.000;20.000;0.000;230;0;1;2;2
T;83.970;89.999;0.200;0.000;0.000;0.000;20.000;0.000;230;0;1;2;2
T;83.963;89.809;0.200;0.000;0.000;0.000;20.000;0.000;230;0;1;2;2
P;83.904;89.447;0.200;0.000;0.000;0.000;20.000;0.015;230;0;1;2;2
T;83.788;89.098;0.200;0.000;0.000;0.000;20.000;0.000;230;0;1;2;2
T;83.704;88.923;0.200;0.000;0.000;0.000;20.000;0.000;230;0;1;2;2
P;83.508;88.613;0.200;0.000;0.000;0.000;20.000;0.015;230;0;1;2;2
P;83.262;88.335;0.200;0.000;0.000;0.000;20.000;0.000;230;0;1;2;2
T;83.151;88.243;0.200;0.000;0.000;0.000;20.000;0.000;230;0;1;2;2
T;83.207;88.145;0.200;0.000;0.000;0.000;20.000;0.000;230;0;1;2;2
P;54.349;71.477;0.200;0.000;0.000;0.000;20.000;0.031;230;0;1;2;2
T;54.131;71.300;0.200;0.000;0.000;0.000;20.000;0.000;230;0;1;2;2
P;53.860;70.974;0.200;0.000;0.000;0.000;20.000;0.011;230;0;1;2;2
P;53.672;70.593;0.200;0.000;0.000;0.000;20.000;0.000;230;0;1;2;2
T;53.600;70.326;0.200;0.000;0.000;0.000;20.000;0.000;230;0;1;2;2
P;53.571;70.047;0.200;0.000;0.000;0.000;20.000;0.001;230;0;1;2;2
P;53.586;69.763;0.200;0.000;0.000;0.000;20.000;0.000;230;0;1;2;2
P;53.689;69.359;0.200;0.000;0.000;0.000;20.000;0.010;230;0;1;2;2
T;53.808;69.109;0.200;0.000;0.000;0.000;20.000;0.000;230;0;1;2;2
P;54.062;68.769;0.200;0.000;0.000;0.000;20.000;0.011;230;0;1;2;2
T;54.385;68.501;0.200;0.000;0.000;0.000;20.000;0.000;230;0;1;2;2
P;54.762;68.315;0.200;0.000;0.000;0.000;20.000;0.000;230;0;1;2;2
P;55.176;68.221;0.200;0.000;0.000;0.000;20.000;0.000;230;0;1;2;2
T;55.453;68.214;0.200;0.000;0.000;0.000;20.000;0.000;230;0;1;2;2
T;55.727;68.250;0.200;0.000;0.000;0.000;20.000;0.000;230;0;1;2;2
P;56.133;68.388;0.200;0.000;0.000;0.000;20.000;0.011;230;0;1;2;2
P;84.998;85.045;0.200;0.000;0.000;0.000;20.000;0.031;230;0;1;2;2
T;85.056;84.945;0.200;0.000;0.000;0.000;20.000;0.000;230;0;1;2;2
P;85.192;84.996;0.200;0.000;0.000;0.000;20.000;0.006;230;0;1;2;2
P;85.551;85.069;0.200;0.000;0.000;0.000;20.000;0.019;230;0;1;2;2
T;85.744;85.085;0.200;0.000;0.000;0.000;20.000;0.000;230;0;1;2;2
P;86.111;85.070;0.200;0.000;0.000;0.000;20.000;0.015;230;0;1;2;2
P;86.475;84.996;0.200;0.000;0.000;0.000;20.000;0.000;230;0;1;2;2
T;86.801;84.873;0.200;0.000;0.000;0.000;20.000;0.000;230;0;1;2;2
T;86.989;84.776;0.200;0.000;0.000;0.000;20.000;0.000;230;0;1;2;2
P;87.289;84.569;0.200;0.000;0.000;0.000;20.000;0.013;230;0;1;2;2
T;87.434;84.441;0.200;0.000;0.000;0.000;20.000;0.000;230;0;1;2;2
P;87.677;84.166;0.200;0.000;0.000;0.000;20.000;0.015;230;0;1;2;2
T;87.874;83.856;0.200;0.000;0.000;0.000;20.000;0.000;230;0;1;2;2
T;87.957;83.680;0.200;0.000;0.000;0.000;20.000;0.000;230;0;1;2;2
P;88.073;83.333;0.200;0.000;0.000;0.000;20.000;0.015;230;0;1;2;2
T;88.097;83.190;0.200;0.000;0.000;0.000;20.000;0.000;230;0;1;2;2
T;88.210;83.190;0.200;0.000;0.000;0.000;20.000;0.000;230;0;1;2;2
P;88.217;49.864;0.200;0.000;0.000;0.000;20.000;0.031;230;0;1;2;2
T;88.296;49.460;0.200;0.000;0.000;0.000;20.000;0.000;230;0;1;2;2
T;88.407;49.188;0.200;0.000;0.000;0.000;20.000;0.000;230;0;1;2;2
T;88.551;48.952;0.200;0.000;0.000;0.000;20.000;0.000;230;0;1;2;2
P;88.842;48.638;0.200;0.000;0.000;0.000;20.000;0.011;230;0;1;2;2
T;89.062;48.477;0.200;0.000;0.000;0.000;20.000;0.000;230;0;1;2;2
P;89.451;48.298;0.200;0.000;0.000;0.000;20.000;0.011;230;0;1;2;2
T;89.719;48.234;0.200;0.000;0.000;0.000;20.000;0.000;230;0;1;2;2
P;90.013;48.212;0.200;0.000;0.000;0.000;20.000;0.002;230;0;1;2;2
P;90.421;48.262;0.200;0.000;0.000;0.000;20.000;0.009;230;0;1;2;2
T;90.681;48.346;0.200;0.000;0.000;0.000;20.000;0.000;230;0;1;2;2
P;91.054;48.556;0.200;0.000;0.000;0.000;20.000;0.011;230;0;1;2;2
T;91.265;48.735;0.200;0.000;0.000;0.000;20.000;0.000;230;0;1;2;2
P;91.447;48.949;0.200;0.000;0.000;0.000;20.000;0.000;230;0;1;2;2
T;91.593;49.188;0.200;0.000;0.000;0.000;20.000;0.000;230;0;1;2;2
P;91.704;49.460;0.200;0.000;0.000;0.000;20.000;0.001;230;0;1;2;2
P;91.783;49.864;0.200;0.000;0.000;0.000;20.000;0.009;230;0;1;2;2
P;91.790;83.131;0.200;0.000;0.000;0.000;20.000;0.031;230;0;1;2;2
T;91.790;83.307;0.200;0.000;0.000;0.000;150.000;0.000;230;0;1;2;2
R;91.790;83.307;0.200;0.000;0.000;0.000;40.000;0.000;230;0;1;2;2
P;91.906;83.191;0.200;0.000;0.000;0.000;120.000;13.403;230;0;1;2;2
T;91.929;83.334;0.200;0.000;0.000;0.000;120.000;0.000;230;0;1;2;2
T;92.045;83.682;0.200;0.000;0.000;0.000;120.000;0.000;230;0;1;2;2
P;92.129;83.857;0.200;0.000;0.000;0.000;120.000;0.281;230;0;1;2;2
T;92.325;84.167;0.200;0.000;0.000;0.000;120.000;0.000;230;0;1;2;2
T;92.571;84.445;0.200;0.000;0.000;0.000;120.000;0.000;230;0;1;2;2
P;92.855;84.677;0.200;0.000;0.000;0.000;120.000;0.004;230;0;1;2;2
P;93.016;84.779;0.200;0.000;0.000;0.000;120.000;0.294;230;0;1;2;2
T;93.184;84.867;0.200;0.000;0.000;0.000;120.000;0.000;230;0;1;2;2
T;93.527;84.997;0.200;0.000;0.000;0.000;120.000;0.000;230;0;1;2;2
P;93.715;85.036;0.200;0.000;0.000;0.000;120.000;0.289;230;0;1;2;2
U;93.715;85.036;0.200;0.000;0.000;0.000;40.000;0.000;230;0;1;2;2
T;93.715;85.036;0.400;0.000;0.000;0.000;150.000;0.000;230;0;1;2;2
T;125.541;69.853;0.400;0.000;0.000;0.000;150.000;0.000;230;0;1;2;2
T;125.541;69.853;0.200;0.000;0.000;0.000;150.000;0.000;230;0;1;2;2
U;125.541;69.853;0.200;0.000;0.000;0.000;25.000;0.000;230;0;1;2;2
T;125.087;69.403;0.200;0.000;0.000;0.000;20.000;0.000;230;0;1;3;2
T;124.891;69.298;0.200;0.000;0.000;0.000;20.000;0.000;230;0;1;3;2
P;124.606;69.253;0.200;0.000;0.000;0.000;20.000;0.007;230;0;1;3;2
T;124.440;69.288;0.200;0.000;0.000;0.000;20.000;0.000;230;0;1;3;2
P;125.353;70.201;0.200;0.000;0.000;0.000;20.000;0.027;230;0;1;3;2
T;125.271;70.404;0.200;0.000;0.000;0.000;20.000;0.000;230;0;1;3;2
T;125.152;70.535;0.200;0.000;0.000;0.000;20.000;0.000;230;0;1;3;2
P;124.079;69.463;0.200;0.000;0.000;0.000;20.000;0.028;230;0;1;3;2
T;123.740;69.659;0.200;0.000;0.000;0.000;20.000;0.000;230;0;1;3;2
P;124.832;70.751;0.200;0.000;0.000;0.000;20.000;0.024;230;0;1;3;2
T;124.493;70.947;0.200;0.000;0.000;0.000;20.000;0.000;230;0;1;3;2
P;123.400;69.854;0.200;0.000;0.000;0.000;20.000;0.023;230;0;1;3;2
T;123.061;70.050;0.200;0.000;0.000;0.000;20.000;0.000;230;0;1;3;2
P;124.154;71.143;0.200;0.000;0.000;0.000;20.000;0.023;230;0;1;3;2
T;123.814;71.339;0.200;0.000;0.000;0.000;20.000;0.000;230;0;1;3;2
P;122.721;70.246;0.200;0.000;0.000;0.000;20.000;0.023;230;0;1;3;2
T;122.382;70.442;0.200;0.000;0.000;0.000;20.000;0.000;230;0;1;3;2
P;123.475;71.535;0.200;0.000;0.000;0.000;20.000;0.024;230;0;1;3;2
T;123.135;71.731;0.200;0.000;0.000;0.000;20.000;0.000;230;0;1;3;2
P;122.042;70.638;0.200;0.000;0.000;0.000;20.000;0.024;230;0;1;3;2
T;121.703;70.834;0.200;0.000;0.000;0.000;20.000;0.000;230;0;1;3;2
P;122.796;71.927;0.200;0.000;0.000;0.000;20.000;0.024;230;0;1;3;2
T;122.457;72.123;0.200;0.000;0.000;0.000;20.000;0.000;230;0;1;3;2
P;121.363;71.030;0.200;0.000;0.000;0.000;20.000;0.023;230;0;1;3;2
T;121.024;71.226;0.200;0.000;0.000;0.000;20.000;0.000;230;0;1;3;2
P;122.117;72.319;0.200;0.000;0.000;0.000;20.000;0.024;230;0;1;3;2
T;121.778;72.516;0.200;0.000;0.000;0.000;20.000;0.000;230;0;1;3;2
P;120.684;71.422;0.200;0.000;0.000;0.000;20.000;0.023;230;0;1;3;2
T;120.345;71.618;0.200;0.000;0.000;0.000;20.000;0.000;230;0;1;3;2
P;121.438;72.712;0.200;0.000;0.000;0.000;20.000;0.024;230;0;1;3;2
T;121.099;72.908;0.200;0.000;0.000;0.000;20.000;0.000;230;0;1;3;2
P;120.005;71.814;0.200;0.000;0.000;0.000;20.000;0.024;230;0;1;3;2
T;119.666;72.010;0.200;0.000;0.000;0.000;20.000;0.000;230;0;1;3;2
P;120.760;73.104;0.200;0.000;0.000;0.000;20.000;0.024;230;0;1;3;2
T;120.420;73.300;0.200;0.000;0.000;0.000;20.000;0.000;230;0;1;3;2
P;119.326;72.206;0.200;0.000;0.000;0.000;20.000;0.024;230;0;1;3;2
T;118.987;72.402;0.200;0.000;0.000;0.000;20.000;0.000;230;0;1;3;2
P;120.081;73.496;0.200;0.000;0.000;0.000;20.000;0.024;230;0;1;3;2
T;119.741;73.692;0.200;0.000;0.000;0.000;20.000;0.000;230;0;1;3;2
P;118.647;72.598;0.200;0.000;0.000;0.000;20.000;0.024;230;0;1;3;2
T;118.307;72.793;0.200;0.000;0.000;0.000;20.000;0.000;230;0;1;3;2
P;119.402;73.888;0.200;0.000;0.000;0.000;20.000;0.023;230;0;1;3;2
T;119.063;74.084;0.200;0.000;0.000;0.000;20.000;0.000;230;0;1;3;2
P;117.968;72.989;0.200;0.000;0.000;0.000;20.000;0.023;230;0;1;3;2
T;117.628;73.185;0.200;0.000;0.000;0.000;20.000;0.000;230;0;1;3;2
P;118.723;74.280;0.200;0.000;0.000;0.000;20.000;0.024;230;0;1;3;2
T;118.384;74.476;0.200;0.000;0.000;0.000;20.000;0.000;230;0;1;3;2
P;117.289;73.381;0.200;0.000;0.000;0.000;20.000;0.024;230;0;1;3;2
T;116.949;73.577;0.200;0.000;0.000;0.000;20.000;0.000;230;0;1;3;2
P;118.044;74.672;0.200;0.000;0.000;0.000;20.000;0.024;230;0;1;3;2
T;117.705;74.868;0.200;0.000;0.000;0.000;20.000;0.000;230;0;1;3;2
P;116.610;73.773;0.200;0.000;0.000;0.000;20.000;0.024;230;0;1;3;2
T;116.270;73.969;0.200;0.000;0.000;0.000;20.000;0.000;230;0;1;3;2
P;117.365;75.064;0.200;0.000;0.000;0.000;20.000;0.024;230;0;1;3;2
T;117.026;75.260;0.200;0.000;0.000;0.000;20.000;0.000;230;0;1;3;2
P;115.931;74.165;0.200;0.000;0.000;0.000;20.000;0.024;230;0;1;3;2
T;115.591;74.361;0.200;0.000;0.000;0.000;20.000;0.000;230;0;1;3;2
P;116.687;75.456;0.200;0.000;0.000;0.000;20.000;0.024;230;0;1;3;2
T;116.347;75.652;0.200;0.000;0.000;0.000;20.000;0.000;230;0;1;3;2
P;115.252;74.557;0.200;0.000;0.000;0.000;20.000;0.024;230;0;1;3;2
T;114.912;74.753;0.200;0.000;0.000;0.000;20.000;0.000;230;0;1;3;2
P;116.008;75.848;0.200;0.000;0.000;0.000;20.000;0.024;230;0;1;3;2
T;115.668;76.044;0.200;0.000;0.000;0.000;20.000;0.000;230;0;1;3;2
P;114.573;74.949;0.200;0.000;0.000;0.000;20.000;0.024;230;0;1;3;2
T;114.233;75.145;0.200;0.000;0.000;0.000;20.000;0.000;230;0;1;3;2
P;115.329;76.241;0.200;0.000;0.000;0.000;20.000;0.024;230;0;1;3;2
T;114.990;76.437;0.200;0.000;0.000;0.000;20.000;0.000;230;0;1;3;2
P;113.894;75.341;0.200;0.000;0.000;0.000;20.000;0.024;230;0;1;3;2
T;113.554;75.537;0.200;0.000;0.000;0.000;20.000;0.000;230;0;1;3;2
P;114.650;76.633;0.200;0.000;0.000;0.000;20.000;0.024;230;0;1;3;2
T;114.311;76.829;0.200;0.000;0.000;0.000;20.000;0.000;230;0;1;3;2
P;113.215;75.732;0.200;0.000;0.000;0.000;20.000;0.024;230;0;1;3;2
T;112.875;75.928;0.200;0.000;0.000;0.000;20.000;0.000;230;0;1;3;2
P;113.971;77.025;0.200;0.000;0.000;0.000;20.000;0.024;230;0;1;3;2
T;113.632;77.221;0.200;0.000;0.000;0.000;20.000;0.000;230;0;1;3;2
P;112.536;76.124;0.200;0.000;0.000;0.000;20.000;0.024;230;0;1;3;2
T;112.196;76.320;0.200;0.000;0.000;0.000;20.000;0.000;230;0;1;3;2
P;113.293;77.417;0.200;0.000;0.000;0.000;20.000;0.024;230;0;1;3;2
T;112.953;77.613;0.200;0.000;0.000;0.000;20.000;0.000;230;0;1;3;2
P;111.856;76.516;0.200;0.000;0.000;0.000;20.000;0.024;230;0;1;3;2
T;111.517;76.712;0.200;0.000;0.000;0.000;20.000;0.000;230;0;1;3;2
P;112.614;77.809;0.200;0.000;0.000;0.000;20.000;0.024;230;0;1;3;2
T;112.274;78.005;0.200;0.000;0.000;0.000;20.000;0.000;230;0;1;3;2
P;111.177;76.908;0.200;0.000;0.000;0.000;20.000;0.024;230;0;1;3;2
T;110.838;77.104;0.200;0.000;0.000;0.000;20.000;0.000;230;0;1;3;2
P;111.935;78.201;0.200;0.000;0.000;0.000;20.000;0.024;230;0;1;3;2
T;111.596;78.397;0.200;0.000;0.000;0.000;20.000;0.000;230;0;1;3;2
P;110.498;77.300;0.200;0.000;0.000;0.000;20.000;0.024;230;0;1;3;2
T;110.159;77.496;0.200;0.000;0.000;0.000;20.000;0.000;230;0;1;3;2
P;111.256;78.593;0.200;0.000;0.000;0.000;20.000;0.024;230;0;1;3;2
T;110.917;78.789;0.200;0.000;0.000;0.000;20.000;0.000;230;0;1;3;2
P;109.819;77.692;0.200;0.000;0.000;0.000;20.000;0.024;230;0;1;3;2
T;109.480;77.888;0.200;0.000;0.000;0.000;20.000;0.000;230;0;1;3;2
P;110.577;78.985;0.200;0.000;0.000;0.000;20.000;0.024;230;0;1;3;2
T;110.238;79.181;0.200;0.000;0.000;0.000;20.000;0.000;230;0;1;3;2
P;109.140;78.084;0.200;0.000;0.000;0.000;20.000;0.024;230;0;1;3;2
T;108.801;78.280;0.200;0.000;0.000;0.000;20.000;0.000;230;0;1;3;2
P;109.898;79.377;0.200;0.000;0.000;0.000;20.000;0.024;230;0;1;3;2
T;109.559;79.573;0.200;0.000;0.000;0.000;20.000;0.000;230;0;1;3;2
P;108.461;78.475;0.200;0.000;0.000;0.000;20.000;0.024;230;0;1;3;2
T;108.122;78.671;0.200;0.000;0.000;0.000;20.000;0.000;230;0;1;3;2
P;109.220;79.769;0.200;0.000;0.000;0.000;20.000;0.024;230;0;1;3;2
T;108.880;79.965;0.200;0.000;0.000;0.000;20.000;0.000;230;0;1;3;2
P;107.782;78.867;0.200;0.000;0.000;0.000;20.000;0.024;230;0;1;3;2
T;107.443;79.063;0.200;0.000;0.000;0.000;20.000;0.000;230;0;1;3;2
P;108.541;80.162;0.200;0.000;0.000;0.000;20.000;0.024;230;0;1;3;2
T;108.201;80.358;0.200;0.000;0.000;0.000;20.000;0.000;230;0;1;3;2
P;107.103;79.259;0.200;0.000;0.000;0.000;20.000;0.024;230;0;1;3;2
T;106.764;79.455;0.200;0.000;0.000;0.000;20.000;0.000;230;0;1;3;2
P;107.862;80.554;0.200;0.000;0.000;0.000;20.000;0.024;230;0;1;3;2
T;107.523;80.750;0.200;0.000;0.000;0.000;20.000;0.000;230;0;1;3;2
P;106.424;79.651;0.200;0.000;0.000;0.000;20.000;0.024;230;0;1;3;2
T;106.085;79.847;0.200;0.000;0.000;0.000;20.000;0.000;230;0;1;3;2
P;107.183;80.946;0.200;0.000;0.000;0.000;20.000;0.024;230;0;1;3;2
T;106.844;81.142;0.200;0.000;0.000;0.000;20.000;0.000;230;0;1;3;2
P;105.745;80.043;0.200;0.000;0.000;0.000;20.000;0.024;230;0;1;3;2
T;105.405;80.239;0.200;0.000;0.000;0.000;20.000;0.000;230;0;1;3;2
P;106.504;81.338;0.200;0.000;0.000;0.000;20.000;0.024;230;0;1;3;2
T;106.165;81.534;0.200;0.000;0.000;0.000;20.000;0.000;230;0;1;3;2
P;105.066;80.435;0.200;0.000;0.000;0.000;20.000;0.024;230;0;1;3;2
T;104.726;80.631;0.200;0.000;0.000;0.000;20.000;0.000;230;0;1;3;2
P;105.826;81.730;0.200;0.000;0.000;0.000;20.000;0.024;230;0;1;3;2
T;105.486;81.926;0.200;0.000;0.000;0.000;20.000;0.000;230;0;1;3;2
P;104.387;80.827;0.200;0.000;0.000;0.000;20.000;0.024;230;0;1;3;2
T;104.047;81.023;0.200;0.000;0.000;0.000;20.000;0.000;230;0;1;3;2
P;105.147;82.122;0.200;0.000;0.000;0.000;20.000;0.024;230;0;1;3;2
T;104.807;82.318;0.200;0.000;0.000;0.000;20.000;0.000;230;0;1;3;2
P;103.708;81.219;0.200;0.000;0.000;0.000;20.000;0.024;230;0;1;3;2
T;103.368;81.414;0.200;0.000;0.000;0.000;20.000;0.000;230;0;1;3;2
P;104.468;82.514;0.200;0.000;0.000;0.000;20.000;0.024;230;0;1;3;2
T;104.129;82.710;0.200;0.000;0.000;0.000;20.000;0.000;230;0;1;3;2
P;103.029;81.610;0.200;0.000;0.000;0.000;20.000;0.024;230;0;1;3;2
T;102.689;81.806;0.200;0.000;0.000;0.000;20.000;0.000;230;0;1;3;2
P;103.789;82.906;0.200;0.000;0.000;0.000;20.000;0.024;230;0;1;3;2
T;103.450;83.102;0.200;0.000;0.000;0.000;20.000;0.000;230;0;1;3;2
P;102.350;82.002;0.200;0.000;0.000;0.000;20.000;0.024;230;0;1;3;2
T;102.010;82.198;0.200;0.000;0.000;0.000;20.000;0.000;230;0;1;3;2
P;103.110;83.298;0.200;0.000;0.000;0.000;20.000;0.024;230;0;1;3;2
T;102.771;83.494;0.200;0.000;0.000;0.000;20.000;0.000;230;0;1;3;2
P;101.671;82.394;0.200;0.000;0.000;0.000;20.000;0.024;230;0;1;3;2
T;101.331;82.590;0.200;0.000;0.000;0.000;20.000;0.000;230;0;1;3;2
P;102.432;83.690;0.200;0.000;0.000;0.000;20.000;0.024;230;0;1;3;2
T;102.092;83.887;0.200;0.000;0.000;0.000;20.000;0.000;230;0;1;3;2
P;100.992;82.786;0.200;0.000;0.000;0.000;20.000;0.024;230;0;1;3;2
T;100.652;82.982;0.200;0.000;0.000;0.000;20.000;0.000;230;0;1;3;2
P;101.753;84.083;0.200;0.000;0.000;0.000;20.000;0.024;230;0;1;3;2
T;101.413;84.279;0.200;0.000;0.000;0.000;20.000;0.000;230;0;1;3;2
P;100.313;83.178;0.200;0.000;0.000;0.000;20.000;0.024;230;0;1;3;2
T;99.973;83.374;0.200;0.000;0.000;0.000;20.000;0.000;230;0;1;3;2
P;101.074;84.475;0.200;0.000;0.000;0.000;20.000;0.024;230;0;1;3;2
T;100.734;84.671;0.200;0.000;0.000;0.000;20.000;0.000;230;0;1;3;2
P;99.634;83.570;0.200;0.000;0.000;0.000;20.000;0.024;230;0;1;3;2
T;99.294;83.766;0.200;0.000;0.000;0.000;20.000;0.000;230;0;1;3;2
P;100.395;84.867;0.200;0.000;0.000;0.000;20.000;0.024;230;0;1;3;2
T;100.056;85.063;0.200;0.000;0.000;0.000;20.000;0.000;230;0;1;3;2
P;98.954;83.962;0.200;0.000;0.000;0.000;20.000;0.024;230;0;1;3;2
T;98.615;84.158;0.200;0.000;0.000;0.000;20.000;0.000;230;0;1;3;2
P;99.716;85.259;0.200;0.000;0.000;0.000;20.000;0.024;230;0;1;3;2
T;99.377;85.455;0.200;0.000;0.000;0.000;20.000;0.000;230;0;1;3;2
P;98.275;84.353;0.200;0.000;0.000;0.000;20.000;0.024;230;0;1;3;2
T;97.936;84.549;0.200;0.000;0.000;0.000;20.000;0.000;230;0;1;3;2
P;99.037;85.651;0.200;0.000;0.000;0.000;20.000;0.024;230;0;1;3;2
T;98.698;85.847;0.200;0.000;0.000;0.000;20.000;0.000;230;0;1;3;2
P;97.596;84.745;0.200;0.000;0.000;0.000;20.000;0.024;230;0;1;3;2
T;97.257;84.941;0.200;0.000;0.000;0.000;20.000;0.000;230;0;1;3;2
P;98.359;86.043;0.200;0.000;0.000;0.000;20.000;0.024;230;0;1;3;2
T;98.019;86.239;0.200;0.000;0.000;0.000;20.000;0.000;230;0;1;3;2
P;96.917;85.137;0.200;0.000;0.000;0.000;20.000;0.024;230;0;1;3;2
T;96.578;85.333;0.200;0.000;0.000;0.000;20.000;0.000;230;0;1;3;2
P;97.680;86.435;0.200;0.000;0.000;0.000;20.000;0.024;230;0;1;3;2
T;97.340;86.631;0.200;0.000;0.000;0.000;20.000;0.000;230;0;1;3;2
P;96.238;85.529;0.200;0.000;0.000;0.000;20.000;0.024;230;0;1;3;2
T;95.899;85.725;0.200;0.000;0.000;0.000;20.000;0.000;230;0;1;3;2
P;97.001;86.827;0.200;0.000;0.000;0.000;20.000;0.024;230;0;1;3;2
T;96.662;87.023;0.200;0.000;0.000;0.000;20.000;0.000;230;0;1;3;2
P;95.559;85.921;0.200;0.000;0.000;0.000;20.000;0.024;230;0;1;3;2
T;95.220;86.117;0.200;0.000;0.000;0.000;20.000;0.000;230;0;1;3;2
P;96.322;87.219;0.200;0.000;0.000;0.000;20.000;0.024;230;0;1;3;2
T;95.983;87.415;0.200;0.000;0.000;0.000;20.000;0.000;230;0;1;3;2
P;94.880;86.313;0.200;0.000;0.000;0.000;20.000;0.024;230;0;1;3;2
T;94.623;86.461;0.200;0.000;0.000;0.000;20.000;0.000;230;0;1;3;2
P;94.418;86.106;0.200;0.000;0.000;0.000;20.000;0.009;230;0;1;3;2
T;94.152;86.120;0.200;0.000;0.000;0.000;20.000;0.000;230;0;1;3;2
P;95.643;87.611;0.200;0.000;0.000;0.000;20.000;0.028;230;0;1;3;2
T;95.375;87.766;0.200;0.000;0.000;0.000;20.000;0.000;230;0;1;3;2
T;95.529;88.032;0.200;0.000;0.000;0.000;20.000;0.000;230;0;1;3;2
P;93.341;85.844;0.200;0.000;0.000;0.000;20.000;0.028;230;0;1;3;2
